Feature,Importance
Distance_to_MRT,0.6402294090298838
House_Age,0.188292396416495
Latitude,0.10383063521846746
Longitude,0.05324366635833083
Convenience_Stores,0.014403892976822924
